{
  "Workflows": [
    {
      "Path": null,
      "SortBy": 0,
      "VariablesSectionElementsOrder": [],
      "ArgumentsSectionElementsOrder": null,
      "ConstantsSectionElementsOrder": [],
      "AddedNamespaces": null
    },
    {
      "Path": "Main.xaml",
      "SortBy": 0,
      "VariablesSectionElementsOrder": [
        "cityname&Sequence_1",
        "APIkey&Sequence_1",
        "BaseURL&Sequence_1",
        "WeatherURL&Sequence_1",
        "preferredtime&Sequence_1",
        "APIResponse&Sequence_1",
        "weatherdata&Sequence_1",
        "temperature&Sequence_1",
        "weathercondition&Sequence_1",
        "logdata&Sequence_1",
        "columndate&Sequence_1",
        "weatherdatatable&Sequence_1",
        "alertmessage&Sequence_1",
        "newrow&Sequence_1",
        "logmessage&Sequence_1",
        "emailsubject&Sequence_1",
        "emailbody&Sequence_1"
      ],
      "ArgumentsSectionElementsOrder": [],
      "ConstantsSectionElementsOrder": [],
      "AddedNamespaces": null
    }
  ]
}